{"SE140052_SE140640":[0.6938940380923898,0.5061838873811851,0.6709554058596078],"SE140600_SE140638":[0.9287383958914865,1.0,0.9997851564196961,0.9968316809205898],"SE141105_SE141108":[0.5787165749039385,0.5937543873736163,1.0,0.9999945428971475],"SE140353_SE141108":[0.5739619625629416,0.5729130482622344,0.9999999999999998,0.5743720085998087,1.0,0.9767526257542446],"SE140353_SE140657":[0.9946380348534904,0.9963463189753651,0.5609402509497375,0.5645565930341704,0.9958772113088961,1.0],"SE140600_SE140636":[0.9976822980055174,0.9682514911155055,1.0],"SE140353_SE141105":[0.9774401055360152,0.9946380348534904,0.9963463189753651,1.0,0.9958772113088961,0.5937543873736163],"SE140600_SE140635":[0.5142407013131068,1.0,0.9951445280791889,0.9763385696795165,0.9697357532956551,0.728691887121909],"SE140107_SE140600":[0.99700021770039,0.9188707419048093,0.8434001989539613,1.0,0.7866078830251986,0.7251587649976514],"SE140331_SE140600":[0.8920616109781896,1.0],"SE140341_SE140580":[1.0],"SE140636_SE140798":[0.9647620927679987,0.827821691719474],"SE140640_SE140798":[0.5131362836290674,0.7892311525992552,0.5740304178860993],"SE140600_SE140640":[0.9614669262490673,0.6429422770106168],"SE140077_SE140640":[0.5575765074665574,0.9614669262490673,0.5902031125551063],"SE140052_SE141105":[0.6052550698764096,0.709585406929687,0.9963463189753651,0.8787092925201683,0.9938262276796019],"SE140353_SE140640":[0.5262618471530418,0.9614669262490673],"SE140341_SE140600":[1.0],"SE140025_SE140640":[0.5745707884487979,0.9614669262490673,0.5575765074665574],"SE140052_SE140657":[0.5727901308559225,0.9963463189753651,0.5771894000785143,0.6607272951361786,0.709585406929687],"SE140107_SE140798":[0.9812073171640475,0.827821691719474,0.7080005831412864],"SE140052_SE141108":[0.709585406929687,0.8467092465597542,0.5743720085998087,0.9934542701279561,0.6938940380923898],"SE140025_SE140636":[0.567859707607596,1.0,0.6789997267774491,0.9850202266285365,0.9993147468975799],"SE140025_SE140635":[1.0,0.9397766214002634],"SE140025_SE140638":[1.0,0.9953770583266736,0.9333813032972142],"SE140331_SE140580":[0.930010803517136,1.0],"SE140077_SE140638":[0.5753730025526318,0.9333813032972142,0.9953770583266736,1.0],"SE140331_SE140341":[0.9496271563365721,0.9707527692855337,0.9797122419667921,1.0],"SE140077_SE140636":[1.0,0.7856692404774646,0.9993147468975799,0.9850202266285365,0.9939676903524011],"SE140077_SE140635":[0.9397766214002634,1.0],"SE140473_SE140580":[0.7916511880413334,0.8270913099475466,0.9769588276424577,0.826700575703794,0.5649270114114002,0.5643649099521633],"SE140635_SE140798":[0.956519788823551,0.827821691719474],"SE140077_SE140353":[0.9885864138776411,1.0,0.5799389720733445],"SE140635_SE140638":[0.7026994376160616,0.9997608198044934,0.6279928579942914,0.9067384540069966,1.0],"SE140353_SE140636":[0.5446292377901845,0.5432136462344257,0.9692265986080874,1.0,0.5425967453606019,0.5809694500421377],"SE140353_SE140635":[0.9763385696795165,1.0,0.9502929372300583,0.5689724682847597,0.5679326722745369,0.5693789497607532],"SE140635_SE140636":[0.9742980969896965,1.0,0.9866186231066179],"SE140107_SE140580":[1.0,0.9488847319707456],"SE140473_SE140600":[0.9533388197021085,0.8281962512672836,0.5581147707189188,0.7916511880413334,0.8270913099475466,0.5550170819159653],"SE140600_SE140657":[0.5555824339801347,0.5581147707189188,1.0,0.5645565930341704],"SE140600_SE141108":[0.9809908280216512,1.0,0.6429422770106168,0.9999999999999998],"SE140107_SE140341":[1.0],"SE140341_SE140798":[0.827821691719474],"SE140353_SE140638":[0.5671299479201506,0.9433259781476778,0.5660935191120872,0.584308457414302,1.0,0.9287383958914865,0.5675351130751635],"SE140580_SE140635":[0.9989779909277122,0.9763385696795165,1.0],"SE140798_SE141105":[0.981896510583919,0.827821691719474],"SE140580_SE140636":[0.9826279411519369,1.0],"SE140331_SE140353":[0.9968903617670638,1.0],"SE140638_SE140640":[0.9614669262490673],"SE140580_SE140638":[1.0,0.9287383958914865,0.9986303786215538],"SE140331_SE140473":[0.9866827605188537,0.8270913099475466],"SE140635_SE140640":[0.9614669262490673],"SE140657_SE141105":[0.5005214360273763,0.9999999999999999,1.0],"SE140657_SE141108":[0.5645565930341704,0.5149305769062892,1.0,0.5787165749039385],"SE140331_SE140638":[0.9208137460134168,1.0],"SE140473_SE140798":[0.9967544275915026,0.5198243179836614,0.9992696182280727,0.5716878489433697,0.5673960489972354,0.7786839946674753],"SE140107_SE140331":[0.9774968786412793,1.0],"SE140331_SE140636":[1.0,0.9468598015702888],"SE140052_SE140798":[0.547191715036192,0.9968500468220446,0.5673960489972354,0.881763715210213],"SE140331_SE140635":[1.0,0.929122918973375],"SE140025_SE140657":[0.5212731803501919,0.5245620809184823,1.0],"SE140025_SE141108":[0.9636388355975192,0.5745707884487979,1.0],"SE140025_SE141105":[1.0,0.964244404519738],"SE140635_SE141105":[0.9944505545652448,0.5916508610041025,1.0],"SE140600_SE141105":[1.0,0.5581147707189188,0.5937543873736163,0.9803611050244762],"SE140077_SE140657":[0.5335160197871244,0.5245620809184823,1.0],"SE140077_SE141108":[1.0,0.5902031125551063,0.9636388355975192],"SE140353_SE140473":[0.8270913099475466,0.9999858103455229,1.0,0.9998363156334915,0.9941978234048648,0.7916511880413334],"SE140635_SE141108":[0.9763385696795165,1.0,0.9947926894398067],"SE140077_SE141105":[1.0,0.964244404519738],"SE140635_SE140657":[1.0,0.5502780503006528,0.5736857484249877],"SE140580_SE140640":[0.9614669262490673],"SE140025_SE140331":[0.9774968786412793,1.0],"SE140107_SE140640":[0.5902031125551063,0.5575765074665574,0.9614669262490673],"SE140341_SE141108":[1.0],"SE140331_SE140640":[0.9614669262490673,0.5169426529338279],"SE140341_SE140657":[0.8590414663828702,0.6354421012334743,0.9923063910633759,1.0],"SE140341_SE141105":[1.0],"SE140025_SE140052":[0.9784516724522964,0.5462283698652507,0.6050426284980147,0.709585406929687],"SE140052_SE140600":[0.5550170819159653,0.709585406929687,0.534875259991908,0.5989862453793559,0.9529807285403478,0.521536246801208,0.8467092465597542],"SE140107_SE140636":[0.9887454294544062,1.0,0.9850202266285365,0.7722111191670604,0.9993147468975799],"SE140580_SE141108":[0.9999999999999998,0.9942824561056124,1.0],"SE140580_SE140657":[1.0,0.5645565930341704,0.5649270114114002],"SE140107_SE140638":[0.9953770583266736,0.9333813032972142,1.0,0.576071343863304],"SE140025_SE140600":[1.0,0.9188707419048093,0.7251587649976514,0.716346885779973,0.99700021770039,0.5988659675482968],"SE140077_SE140600":[1.0,0.9188707419048093,0.7824569918304186,0.7251587649976514,0.99700021770039,0.8434001989539613],"SE140580_SE141105":[0.9939569991137338,1.0,0.5937543873736163],"SE140657_SE140798":[0.827821691719474,0.5198243179836614,0.5716878489433697],"SE140353_SE140580":[1.0,0.5637166283123562,0.9528501544930043,0.5641932208040199,0.9999999999999998,0.5643649099521633],"SE140353_SE140600":[0.9999999999999998,0.5550170819159653,0.5548474530330548,0.5543768770855915,0.920508875066872,1.0,0.5839409924465643],"SE140473_SE141105":[0.9999999999999999,0.8270913099475466,0.9963463189753651,0.6389372401096101,0.993958281718384,0.6303501416983951,0.6303849468209143,0.8194530007902523,0.6242676346741645,0.6098105763735057],"SE140052_SE140331":[0.9868766967069557,0.5578952884010876,0.709585406929687],"SE140473_SE140657":[0.8270913099475466,0.5721004099997163,0.9999999999999999,0.9963463189753651,0.5724368004160287,1.0,0.5772445637358492],"SE140107_SE140473":[0.9783628902907423,0.5335160197871244,0.8270913099475466],"SE140473_SE141108":[0.8270913099475466,0.5743720085998087,0.8199008472337864,0.5787165749039385,0.5149305769062892,0.7916511880413334,0.9935902526227204],"SE140107_SE140353":[0.5799389720733445,1.0,0.9885864138776411],"SE140331_SE141105":[1.0,0.9628685657605358],"SE140341_SE140640":[0.9614669262490673],"SE140636_SE140638":[0.9716036160434951,0.6977980876343342,1.0,0.588433831678407,0.996057544024349],"SE140798_SE141108":[0.5740304178860993,0.981265378860408,0.827821691719474],"SE140331_SE140657":[0.9728034291891899,1.0,0.8597771104055475,0.562115224322284],